{
  "settings": {
    "samples": 2000,
    "order": 10,
    "nodes": 96,
    "points_per_segment": 15,
    "bands": 12,
    "target_gap_index": 3,
    "radius_ratio": 0.26,
    "modes": 6,
    "coefficient_sigma": 0.16,
    "relative_radial_bound": 0.1,
    "area_normalized": true,
    "workers": 6,
    "elapsed_seconds": 5483.272723436356,
    "first_complete_gap_counts": {
      "3": 2000
    }
  },
  "baseline": {
    "gap_index": 3,
    "first_complete_gap_index": 3,
    "lower_khz": 15.627994501693653,
    "upper_khz": 21.654744005160506,
    "width_khz": 6.026749503466853
  },
  "statistics": {
    "lower_khz": {
      "mean": 15.642278459971783,
      "std": 0.019033539033093183,
      "min": 15.594627144367998,
      "p05": 15.613464963692051,
      "p50": 15.641166448397339,
      "p95": 15.676164252213,
      "max": 15.707559174628827
    },
    "upper_khz": {
      "mean": 21.473053192814525,
      "std": 0.1862219522685053,
      "min": 20.881690969974105,
      "p05": 21.130808329854734,
      "p50": 21.5140631577368,
      "p95": 21.70522286911238,
      "max": 21.799726214779326
    },
    "width_khz": {
      "mean": 5.830774732842739,
      "std": 0.18508267689938843,
      "min": 5.222379525760097,
      "p05": 5.4867410367043545,
      "p50": 5.872204716189806,
      "p95": 6.051920528402037,
      "max": 6.115404730766842
    },
    "max_abs_radial_perturbation": {
      "mean": 0.0695362065222582,
      "std": 0.017594980084897814,
      "min": 0.019555985918965013,
      "p05": 0.039103562440568854,
      "p50": 0.0707512139776233,
      "p95": 0.09636958271645604,
      "max": 0.0998963855758358
    },
    "rms_radial_perturbation": {
      "mean": 0.035223417955184445,
      "std": 0.010290098399338922,
      "min": 0.009561007439598063,
      "p05": 0.0189822802554502,
      "p50": 0.03527675743172086,
      "p95": 0.05246434717233803,
      "max": 0.06539308582993474
    }
  }
}