{
  "settings": {
    "base_samples": 1000,
    "evaluations": 6000,
    "inputs": [
      "steel_E",
      "steel_rho",
      "epoxy_E",
      "epoxy_rho"
    ],
    "distribution": "independent uniform material factors",
    "relative_bound": 0.05,
    "order": 10,
    "nodes": 96,
    "points_per_segment": 15,
    "bands": 12,
    "target_gap_index": 3,
    "seed": 20260519,
    "k_indices": [
      8,
      9,
      10,
      11,
      12,
      13,
      14,
      15,
      16
    ],
    "workers": 10,
    "elapsed_seconds": 2068.643918275833,
    "note": "All Sobol design points are directly evaluated by node-based PWE; no interpolation or surrogate model is used.",
    "nominal_materials": {
      "steel": {
        "name": "steel",
        "density": 7780.0,
        "young_modulus": 210600000000.0,
        "shear_modulus": 81000000000.0
      },
      "steel_poisson_ratio": 0.30000000000000004,
      "epoxy": {
        "name": "epoxy",
        "density": 1180.0,
        "young_modulus": 4350000000.0,
        "shear_modulus": 1590000000.0
      },
      "epoxy_poisson_ratio": 0.3679245283018868
    }
  },
  "baseline": {
    "gap_index": 3,
    "lower_khz": 15.62799450169729,
    "upper_khz": 21.654744005160225,
    "width_khz": 6.026749503462936
  },
  "sobol": {
    "lower_khz": {
      "label": "Lower edge",
      "mean": 15.628955796891615,
      "std": 0.2872783331422748,
      "variance": 0.08252884069300383,
      "factors": {
        "steel_E": {
          "label": "Steel $E$",
          "first_order": 5.756090990309082e-05,
          "total_order": 1.5686122994606828e-05
        },
        "steel_rho": {
          "label": "Steel $\\rho$",
          "first_order": 0.38677657679740035,
          "total_order": 0.35510385367648967
        },
        "epoxy_E": {
          "label": "Epoxy $E$",
          "first_order": 0.6053352317988016,
          "total_order": 0.6093871075564591
        },
        "epoxy_rho": {
          "label": "Epoxy $\\rho$",
          "first_order": 0.04363990960400426,
          "total_order": 0.036033958748943065
        }
      }
    },
    "upper_khz": {
      "label": "Upper edge",
      "mean": 21.658810017472597,
      "std": 0.40612004312437405,
      "variance": 0.16493348942734345,
      "factors": {
        "steel_E": {
          "label": "Steel $E$",
          "first_order": 0.00043464641144874103,
          "total_order": 0.0002004809937532161
        },
        "steel_rho": {
          "label": "Steel $\\rho$",
          "first_order": 0.021343457564729808,
          "total_order": 0.014711120632038239
        },
        "epoxy_E": {
          "label": "Epoxy $E$",
          "first_order": 0.5641269804613193,
          "total_order": 0.570067671132703
        },
        "epoxy_rho": {
          "label": "Epoxy $\\rho$",
          "first_order": 0.44187529917886753,
          "total_order": 0.42214958574606215
        }
      }
    },
    "width_khz": {
      "label": "Width",
      "mean": 6.029854220580977,
      "std": 0.255560049404565,
      "variance": 0.06531093885166371,
      "factors": {
        "steel_E": {
          "label": "Steel $E$",
          "first_order": 0.0003546964835849529,
          "total_order": 0.00032579102650573546
        },
        "steel_rho": {
          "label": "Steel $\\rho$",
          "first_order": 0.21900956599368723,
          "total_order": 0.22770255751227844
        },
        "epoxy_E": {
          "label": "Epoxy $E$",
          "first_order": 0.10189906660851034,
          "total_order": 0.10405875974379457
        },
        "epoxy_rho": {
          "label": "Epoxy $\\rho$",
          "first_order": 0.6803498012896017,
          "total_order": 0.6713433112453923
        }
      }
    }
  }
}