{
  "settings": {
    "base_samples": 1024,
    "evaluations": 6144,
    "inputs": [
      "steel_E",
      "steel_rho",
      "epoxy_E",
      "epoxy_rho"
    ],
    "distribution": "independent uniform material factors",
    "relative_bound": 0.05,
    "order": 10,
    "nodes": 96,
    "points_per_segment": 15,
    "bands": 12,
    "target_gap_index": 3,
    "seed": 20260519,
    "k_indices": [
      8,
      9,
      10,
      11,
      12,
      13,
      14,
      15,
      16
    ],
    "workers": 10,
    "elapsed_seconds": 3154.847713947296,
    "note": "All Sobol design points are directly evaluated by node-based PWE; no interpolation or surrogate model is used.",
    "nominal_materials": {
      "steel": {
        "name": "steel",
        "density": 7780.0,
        "young_modulus": 210600000000.0,
        "shear_modulus": 81000000000.0
      },
      "steel_poisson_ratio": 0.30000000000000004,
      "epoxy": {
        "name": "epoxy",
        "density": 1180.0,
        "young_modulus": 4350000000.0,
        "shear_modulus": 1590000000.0
      },
      "epoxy_poisson_ratio": 0.3679245283018868
    }
  },
  "baseline": {
    "gap_index": 3,
    "lower_khz": 15.62799450169729,
    "upper_khz": 21.654744005160225,
    "width_khz": 6.026749503462936
  },
  "sobol": {
    "lower_khz": {
      "label": "Lower edge",
      "mean": 15.629025149271321,
      "std": 0.28769106393266725,
      "variance": 0.08276614826671004,
      "factors": {
        "steel_E": {
          "label": "Steel $E$",
          "first_order": 1.4847586010766802e-05,
          "total_order": 1.554737366540218e-05
        },
        "steel_rho": {
          "label": "Steel $\\rho$",
          "first_order": 0.35444601706762613,
          "total_order": 0.35462065835582124
        },
        "epoxy_E": {
          "label": "Epoxy $E$",
          "first_order": 0.6090200570355987,
          "total_order": 0.6091515731894107
        },
        "epoxy_rho": {
          "label": "Epoxy $\\rho$",
          "first_order": 0.035864479835674624,
          "total_order": 0.03585426259843403
        }
      }
    },
    "upper_khz": {
      "label": "Upper edge",
      "mean": 21.658804126331873,
      "std": 0.4077808278011836,
      "variance": 0.16628520352221854,
      "factors": {
        "steel_E": {
          "label": "Steel $E$",
          "first_order": 0.0003880657401131385,
          "total_order": 0.0001977084393123968
        },
        "steel_rho": {
          "label": "Steel $\\rho$",
          "first_order": 0.014930313553357008,
          "total_order": 0.014615213259755558
        },
        "epoxy_E": {
          "label": "Epoxy $E$",
          "first_order": 0.5667481175906762,
          "total_order": 0.566846792322195
        },
        "epoxy_rho": {
          "label": "Epoxy $\\rho$",
          "first_order": 0.4179044018485177,
          "total_order": 0.4179325197488643
        }
      }
    },
    "width_khz": {
      "label": "Width",
      "mean": 6.029778977060551,
      "std": 0.25593826533675496,
      "variance": 0.06550439566358718,
      "factors": {
        "steel_E": {
          "label": "Steel $E$",
          "first_order": 0.0004721075693784563,
          "total_order": 0.00032298129743856186
        },
        "steel_rho": {
          "label": "Steel $\\rho$",
          "first_order": 0.22762899949784116,
          "total_order": 0.22736235867865817
        },
        "epoxy_E": {
          "label": "Epoxy $E$",
          "first_order": 0.10384800091891466,
          "total_order": 0.10401279997388885
        },
        "epoxy_rho": {
          "label": "Epoxy $\\rho$",
          "first_order": 0.6679135058505259,
          "total_order": 0.6681487513848657
        }
      }
    }
  }
}