{
  "settings": {
    "samples_per_case": 300,
    "order": 10,
    "nodes": 96,
    "points_per_segment": 15,
    "bands": 12,
    "target_gap_index": 3,
    "seed": 20260514,
    "distribution": "one-at-a-time direct truncated normal sampling",
    "relative_bound": 0.05,
    "relative_sigma": 0.016666666666666666,
    "k_indices": [
      8,
      9,
      10,
      11,
      12,
      13,
      14,
      15,
      16
    ],
    "workers": 6,
    "elapsed_seconds": 651.4009416103363,
    "note": "Only one material property is varied in each case. Each random sample is directly evaluated by node-based PWE; no interpolation is used.",
    "nominal_materials": {
      "steel": {
        "name": "steel",
        "density": 7780.0,
        "young_modulus": 210600000000.0,
        "shear_modulus": 81000000000.0
      },
      "steel_poisson_ratio": 0.30000000000000004,
      "epoxy": {
        "name": "epoxy",
        "density": 1180.0,
        "young_modulus": 4350000000.0,
        "shear_modulus": 1590000000.0
      },
      "epoxy_poisson_ratio": 0.3679245283018868
    }
  },
  "baseline": {
    "gap_index": 3,
    "lower_khz": 15.62799450169729,
    "upper_khz": 21.654744005160225,
    "width_khz": 6.026749503462936
  },
  "statistics": {
    "steel_E": {
      "label": "Steel $E$",
      "lower_khz": {
        "mean": 15.627993291512281,
        "std": 0.0006571845803127137,
        "min": 15.62613783936849,
        "p05": 15.627039669172927,
        "p50": 15.628001287550003,
        "p95": 15.629107407347673,
        "max": 15.629709941516513
      },
      "upper_khz": {
        "mean": 21.654738950140892,
        "std": 0.0033397041623320378,
        "min": 21.645317241466525,
        "p05": 21.649893942229202,
        "p50": 21.654778490300238,
        "p95": 21.660402865525498,
        "max": 21.663469320134258
      },
      "width_khz": {
        "mean": 6.02674565862861,
        "std": 0.0026825196657313303,
        "min": 6.019179402098036,
        "p05": 6.022854273056277,
        "p50": 6.026777202750235,
        "p95": 6.0312954581778255,
        "max": 6.033759378617745
      }
    },
    "steel_rho": {
      "label": "Steel $\\rho$",
      "lower_khz": {
        "mean": 15.627390213193172,
        "std": 0.09948078035913958,
        "min": 15.362768219453347,
        "p05": 15.457196801152794,
        "p50": 15.626966998648777,
        "p95": 15.770911981905579,
        "max": 15.9029325862343
      },
      "upper_khz": {
        "mean": 21.65471259555286,
        "std": 0.028282048034695934,
        "min": 21.580335396857745,
        "p05": 21.606602017388038,
        "p50": 21.654451924162757,
        "p95": 21.695664849414953,
        "max": 21.73399215029623
      },
      "width_khz": {
        "mean": 6.027322382359684,
        "std": 0.07119965720324571,
        "min": 5.831059564061931,
        "p05": 5.924752867509375,
        "p50": 6.027484925513978,
        "p95": 6.149405216235246,
        "max": 6.217567177404398
      }
    },
    "epoxy_E": {
      "label": "Epoxy $E$",
      "lower_khz": {
        "mean": 15.629388571050937,
        "std": 0.13042739905598658,
        "min": 15.27208789012262,
        "p05": 15.44187799817896,
        "p50": 15.629341499249954,
        "p95": 15.853695899423911,
        "max": 15.980065079179942
      },
      "upper_khz": {
        "mean": 21.656620059216653,
        "std": 0.17829477580106284,
        "min": 21.167994517969106,
        "p05": 21.4002596420538,
        "p50": 21.656585367526823,
        "p95": 21.96319163922833,
        "max": 22.135811312876797
      },
      "width_khz": {
        "mean": 6.027231488165714,
        "std": 0.04786738943131679,
        "min": 5.895906627846486,
        "p05": 5.95838164387484,
        "p50": 6.027243868276869,
        "p95": 6.10949573980442,
        "max": 6.1557462336968545
      }
    },
    "epoxy_rho": {
      "label": "Epoxy $\\rho$",
      "lower_khz": {
        "mean": 15.627552702564936,
        "std": 0.03159185991780241,
        "min": 15.54197164200661,
        "p05": 15.573020369087864,
        "p50": 15.627668258481549,
        "p95": 15.672856478419135,
        "max": 15.713406413269539
      },
      "upper_khz": {
        "mean": 21.654413315080244,
        "std": 0.15334293518165948,
        "min": 21.250139360061375,
        "p05": 21.393246379404598,
        "p50": 21.65316040025531,
        "p95": 21.87627988525666,
        "max": 22.0832198229204
      },
      "width_khz": {
        "mean": 6.02686061251531,
        "std": 0.12175634989388086,
        "min": 5.708167718054765,
        "p05": 5.820226010316735,
        "p50": 6.025492141773758,
        "p95": 6.203423406837526,
        "max": 6.369813409650863
      }
    }
  }
}